{
	"info": {
		"_postman_id": "ca0e3bfd-2786-4e09-bdb4-e1424d529301",
		"name": "kaizo",
		"schema": "https://schema.getpostman.com/json/collection/v2.1.0/collection.json"
	},
	"item": [
		{
			"name": "https://d3v-kaizo.zendesk.com/api/v2/incremental/tickets/cursor.json?start_time=1609142400",
			"request": {
				"auth": {
					"type": "oauth2",
					"oauth2": [
						{
							"key": "headerPrefix",
							"value": "Bearer",
							"type": "string"
						},
						{
							"key": "tokenType",
							"value": "",
							"type": "string"
						},
						{
							"key": "accessToken",
							"value": "7bca63f5dbf2a6f2d2e5e9292682ccc4701cab07396c1ce30190c43908eb737d",
							"type": "string"
						},
						{
							"key": "addTokenTo",
							"value": "header",
							"type": "string"
						}
					]
				},
				"method": "GET",
				"header": [],
				"url": {
					"raw": "https://d3v-kaizo.zendesk.com/api/v2/incremental/tickets/cursor.json?start_time=1609142400",
					"protocol": "https",
					"host": [
						"d3v-kaizo",
						"zendesk",
						"com"
					],
					"path": [
						"api",
						"v2",
						"incremental",
						"tickets",
						"cursor.json"
					],
					"query": [
						{
							"key": "start_time",
							"value": "1609142400"
						}
					]
				}
			},
			"response": []
		},
		{
			"name": "add",
			"request": {
				"method": "POST",
				"header": [],
				"body": {
					"mode": "raw",
					"raw": "{\n    \"stream\": {\n        \"domain\":\"d3v-kaizo\",\n        \"accessToken\":\"7bca63f5dbf2a6f2d2e5e9292682ccc4701cab07396c1ce30190c43908eb737d\",\n        \"begin\":1546348210\n    }\n}",
					"options": {
						"raw": {
							"language": "json"
						}
					}
				},
				"url": {
					"raw": "localhost:9000/stream/add",
					"host": [
						"localhost"
					],
					"port": "9000",
					"path": [
						"stream",
						"add"
					]
				}
			},
			"response": []
		},
		{
			"name": "stats",
			"request": {
				"method": "GET",
				"header": [],
				"url": {
					"raw": "localhost:9000/stream/stats",
					"host": [
						"localhost"
					],
					"port": "9000",
					"path": [
						"stream",
						"stats"
					]
				}
			},
			"response": []
		},
		{
			"name": "stop",
			"request": {
				"method": "POST",
				"header": [],
				"url": {
					"raw": "localhost:9000/stream/stop/d3v-kaizo",
					"host": [
						"localhost"
					],
					"port": "9000",
					"path": [
						"stream",
						"stop",
						"d3v-kaizo"
					]
				}
			},
			"response": []
		},
		{
			"name": "start",
			"request": {
				"method": "POST",
				"header": [],
				"url": {
					"raw": "localhost:9000/stream/start/d3v-kaizo",
					"host": [
						"localhost"
					],
					"port": "9000",
					"path": [
						"stream",
						"start",
						"d3v-kaizo"
					]
				}
			},
			"response": []
		},
		{
			"name": "remove",
			"request": {
				"method": "POST",
				"header": [],
				"url": {
					"raw": "localhost:9000/stream/remove/d3v-kaizo",
					"host": [
						"localhost"
					],
					"port": "9000",
					"path": [
						"stream",
						"remove",
						"d3v-kaizo"
					]
				}
			},
			"response": []
		}
	]
}