<configuration>
    <appender name="METRICS" class="io.prometheus.client.logback.InstrumentedAppender" />
    <appender name="APPLOG" class="ch.qos.logback.core.ConsoleAppender">
        <layout class="ch.qos.logback.classic.PatternLayout">
            <Pattern>
                %d{HH:mm:ss.SSS} [%t] %-5level %logger{36} - %msg%n
            </Pattern>
        </layout>
    </appender>


    <root level="INFO">
        <appender-ref ref="METRICS" />
        <appender-ref ref="APPLOG" />
    </root>
</configuration>