{
	"info": {
		"_postman_id": "e2bebcd4-6776-45fd-90f9-b668a1431500",
		"name": "lottery-system",
		"schema": "https://schema.getpostman.com/json/collection/v2.1.0/collection.json"
	},
	"item": [
		{
			"name": "Get lotteries",
			"request": {
				"method": "GET",
				"header": [],
				"url": {
					"raw": "localhost:9000/lottery",
					"host": [
						"localhost"
					],
					"port": "9000",
					"path": [
						"lottery"
					]
				}
			},
			"response": []
		},
		{
			"name": "SignUp",
			"request": {
				"method": "POST",
				"header": [],
				"body": {
					"mode": "raw",
					"raw": "{\n    \"userName\": \"prashant\",\n    \"password\": \"prashant\"\n}",
					"options": {
						"raw": {
							"language": "json"
						}
					}
				},
				"url": {
					"raw": "localhost:9000/sign-up",
					"host": [
						"localhost"
					],
					"port": "9000",
					"path": [
						"sign-up"
					]
				}
			},
			"response": []
		},
		{
			"name": "create lottery",
			"request": {
				"method": "POST",
				"header": [
					{
						"key": "Authorization",
						"value": "eyJ0eXAiOiJKV1QiLCJhbGciOiJIUzI1NiJ9.eyJpc3MiOiJhdXRoMCIsImV4cCI6MTYyMTg3NzE4MywidXNlcklkIjoiMSIsInRva2VuIjoiYzVlNTQ0YTAtNDgzYi00ZDFmLTkzZjgtN2Q0YTg5YmY2ZTNlIn0.HcEhN7ydvxdKyXykoULzmmQuNHJQKLLkTjVP4s4OZeU",
						"type": "text"
					}
				],
				"body": {
					"mode": "raw",
					"raw": "{\n    \"name\": \"5k-win\",\n    \"startDate\": \"2021-01-01T00:00:00Z\",\n    \"endDate\": \"2021-05-09T18:19:00Z\"\n}",
					"options": {
						"raw": {
							"language": "json"
						}
					}
				},
				"url": {
					"raw": "localhost:9000/lottery",
					"host": [
						"localhost"
					],
					"port": "9000",
					"path": [
						"lottery"
					]
				}
			},
			"response": []
		},
		{
			"name": "login",
			"request": {
				"method": "POST",
				"header": [],
				"body": {
					"mode": "raw",
					"raw": "{\n    \"userName\": \"prashant\",\n    \"password\": \"prashant\"\n}",
					"options": {
						"raw": {
							"language": "json"
						}
					}
				},
				"url": {
					"raw": "localhost:9000/login",
					"host": [
						"localhost"
					],
					"port": "9000",
					"path": [
						"login"
					]
				}
			},
			"response": []
		},
		{
			"name": "create ballot",
			"request": {
				"method": "POST",
				"header": [
					{
						"key": "Authorization",
						"value": "eyJ0eXAiOiJKV1QiLCJhbGciOiJIUzI1NiJ9.eyJpc3MiOiJhdXRoMCIsImV4cCI6MTYyMTg3MjcxNywidXNlcklkIjoiMSIsInRva2VuIjoiMTU5OTYwMDktZDgzNi00YTM0LThjMDEtY2Y1MzRkN2I5ODNjIn0.3TnU3VQcj4S4gYX3PPEZVPvdUGCoIeCOSPPCECqYM-w",
						"type": "text"
					}
				],
				"url": {
					"raw": "localhost:9000/lottery/1/ballot",
					"host": [
						"localhost"
					],
					"port": "9000",
					"path": [
						"lottery",
						"1",
						"ballot"
					]
				}
			},
			"response": []
		},
		{
			"name": "Get ballot",
			"request": {
				"method": "GET",
				"header": [
					{
						"key": "Authorization",
						"value": "eyJ0eXAiOiJKV1QiLCJhbGciOiJIUzI1NiJ9.eyJpc3MiOiJhdXRoMCIsImV4cCI6MTYyMTg3MjcxNywidXNlcklkIjoiMSIsInRva2VuIjoiMTU5OTYwMDktZDgzNi00YTM0LThjMDEtY2Y1MzRkN2I5ODNjIn0.3TnU3VQcj4S4gYX3PPEZVPvdUGCoIeCOSPPCECqYM-w",
						"type": "text"
					}
				],
				"url": {
					"raw": "localhost:9000/lottery/1/ballot",
					"host": [
						"localhost"
					],
					"port": "9000",
					"path": [
						"lottery",
						"1",
						"ballot"
					]
				}
			},
			"response": []
		}
	]
}