<configuration>

    <conversionRule conversionWord="coloredLevel" converterClass="play.api.libs.logback.ColoredLevel" />

    <appender name="STDOUT" class="ch.qos.logback.core.ConsoleAppender">
        <encoder>
            <pattern>%coloredLevel %logger{15} - %message%n%xException{10}</pattern>
        </encoder>
    </appender>

    <appender name="ASYNCSTDOUT" class="ch.qos.logback.classic.AsyncAppender">
        <appender-ref ref="STDOUT" />
    </appender>

    <logger name="play" level="INFO" />
    <logger name="application" level="DEBUG" />


    <root level="INFO">
        <appender-ref ref="ASYNCFILE" />
        <appender-ref ref="ASYNCSTDOUT" />
    </root>

</configuration>